{
  "system": {
    "uptime": 447377,
    "memory": {
      "ram": {
        "total": 8007336,
        "free": 6379420,
        "used": 152296,
        "available": 7724636,
        "%used": 1.9019559064338
      },
      "swap": {
        "total": 2097148,
        "free": 2097148,
        "used": 0,
        "%used": 0
      }
    },
    "procs": 179,
    "cpu": {
      "nprocs": 4,
      "%cpu": 0.699999988079071,
      "load": {
        "raw": [0.11572265625, 0.146484375, 0.10009765625],
        "percent": [2.89306640625, 3.662109375, 2.50244140625]
      }
    },
    "ftl": {
      "%mem": 0.64415931701660156,
      "%cpu": 0.550000011920929
    }
  },
  "took": 0.00023055076599121094
}
